Org,RepoName,HealthScore,Commits,Releases,Contributors
web-platform-tests,wpt,1.7266153734956457E-6,1545,497,25
CleverRaven,Cataclysm-DDA,5.321878456987301E-7,550,163,66
ant-design,ant-design,2.873428508323947E-7,393,11,739
kubernetes,kubernetes,2.770733496310319E-7,597,8,645
electron,electron,2.3826732254741948E-7,964,12,229
storybookjs,storybook,2.2342013701695915E-7,600,30,138
xamarin,xamarin-forms-samples,2.192726533784221E-7,89,214,128
sorbet,sorbet,2.1343908524370154E-7,799,135,22
elastic,elasticsearch,1.863000145421415E-7,1856,3,372
neovim,neovim,1.8046302854703176E-7,192,190,55
OfficeDev,office-ui-fabric-react,1.748793239954968E-7,217,140,64
pytorch,pytorch,1.712064732325791E-7,5615,1,339
home-assistant,home-assistant,1.668878267435013E-7,487,10,381
,go-demo-6,1.6384143381243673E-7,240,115,66
,vxe-table,1.5516636448261155E-7,530,105,31
vuetifyjs,vuetify,1.3416001464351703E-7,565,8,330
brave,brave-browser,1.0804036577486769E-7,420,65,44
Azure,azure-sdk-for-net,1.0097870643610943E-7,179,56,112
electron,i18n,8.455606715364063E-8,2975,79,4
googleapis,google-cloud-python,8.04312493261053E-8,368,54,45
zeit,next.js,6.94556001796055E-8,174,14,317
aspnet,AspNetCore.Docs,6.910050247391189E-8,476,3,538
RocketChat,Rocket.Chat,6.622734109836045E-8,354,16,130
renovatebot,renovate,6.289762552977438E-8,259,100,27
facebook,jest,6.280948070921213E-8,70,86,116
nodejs,node,6.233098025473137E-8,250,7,396
elastic,kibana,6.085770253961954E-8,1611,3,140
spring-projects,spring-framework,4.687829377322506E-8,169,4,771
Azure,azure-sdk-for-python,4.3697524962650283E-8,653,24,31
spring-projects,spring-boot,4.1602556431491265E-8,260,3,593
,pytorch-lightning,4.079845980309689E-8,756,5,120
microsoft,Windows-iotcore-samples,4.039236402264941E-8,245,141,13
aspnet,AspNetCore,3.947250985949624E-8,1161,2,189
OHIF,Viewers,3.687187787813218E-8,114,62,58
xamarin,monodroid-samples,3.543232904843956E-8,37,273,39
angular,angular-cli,3.4736974346636786E-8,149,9,288
grafana,grafana,3.361609602638503E-8,373,6,167
Nepxion,Discovery,3.3588573255882946E-8,389,30,32
bbc,simorgh,3.3160081495517076E-8,2394,14,11
jenkins-x,jx,3.116549012736568E-8,175,90,22
SalesforceFoundation,Cumulus,2.8837747314966765E-8,1564,41,5
mui-org,material-ui,2.6760767522697996E-8,161,3,616
Azure,azure-sdk-for-js,2.6292340761995777E-8,435,24,28
nightscout,cgm-remote-monitor,2.595559156997021E-8,54,4,1336
Azure,azure-sdk-for-java,2.354186258567588E-8,569,20,23
code-dot-org,code-dot-org,2.3354419926439434E-8,1047,31,8
mapbox,mapbox-gl-native,2.3183886681759817E-8,537,20,24
frappe,erpnext,2.2736326858170296E-8,244,14,74
gradle,gradle,2.2062738530424717E-8,1185,3,69
WordPress,gutenberg,2.1914601265663473E-8,1296,4,47
xamarin,ios-samples,2.1316655584951415E-8,60,395,10
istio,istio,2.1001492879594166E-8,276,6,141
zeit,now-cli,2.006409969602301E-8,459,27,18
,h-player-v2,1.91723979092331E-8,73,8,365
JuliaLang,julia,1.9106739012283668E-8,365,6,97
cosmos,cosmos-sdk,1.8801290225927153E-8,711,6,49
jenkins-x,jx-docs,1.871548394142064E-8,170,102,12
symfony,symfony,1.823356562655072E-8,598,3,113
etcd-io,etcd,1.821683609938279E-8,194,6,174
Jackett,Jackett,1.748793239954968E-8,98,64,31
ionic-team,ionic,1.728645852397883E-8,364,6,88
,react-hook-form,1.662159473459503E-8,231,32,25
rancher,rancher,1.6336653110573403E-8,172,24,44
umijs,umi,1.6226831859648397E-8,363,7,71
,FairEmail,1.6117910045667907E-8,700,64,4
dotnet,corefx,1.5764611213863313E-8,654,2,134
ampproject,amphtml,1.5390085670168218E-8,388,7,63
opencv,opencv,1.5322088237163056E-8,84,2,1014
webpack,webpack,1.5052616928587045E-8,172,7,139
chocolatey-community,chocolatey-coreteampackages,1.495403863946845E-8,102,163,10
vlang,v,1.4863105564378216E-8,427,3,129
terraform-providers,terraform-provider-aws,1.4490738669349949E-8,351,3,153
facebook,react,1.4377499558035798E-8,115,2,695
filecoin-project,go-filecoin,1.4321014917920398E-8,446,21,17
,tch-nginx-gui,1.313627657460825E-8,127,115,10
frappe,frappe,1.2569631299565233E-8,215,13,50
matrix-org,synapse,1.223764912334559E-8,589,7,33
influxdata,influxdb,1.1921137262571567E-8,705,4,47
celo-org,celo-monorepo,1.1891455843402645E-8,1469,5,18
,serverless-offline,1.1832992442009317E-8,460,22,13
atom,atom,1.1783523410061117E-8,55,6,397
terraform-providers,terraform-provider-azurerm,1.1358089735306605E-8,287,5,88
laravel,framework,1.115130918176313E-8,187,3,221
JetBrains,kotlin,1.1030694687503974E-8,730,2,84
uber-web,baseui,1.0823464415488245E-8,327,16,23
CFPAOrg,Minecraft-Mod-Language-Package,1.0607149830332938E-8,151,71,11
mozilla-mobile,fenix,1.03960519794558E-8,224,12,43
starship,starship,9.888409767972821E-9,239,20,23
TryGhost,Ghost,9.835342988246573E-9,162,5,135
microsoft,terminal,9.670746027400746E-9,224,2,240
SAP,openui5,9.584400080727524E-9,444,12,20
bootstrap-vue,bootstrap-vue,9.56713089139288E-9,1108,2,48
garden-io,garden,9.474308998719169E-9,266,66,6
NervanaSystems,ngraph,9.466393953607455E-9,1012,13,8
scikit-learn,scikit-learn,9.349826925598607E-9,146,2,356
gohugoio,hugo,9.202319266698522E-9,126,7,116
,AndroidAPS,9.154469221250445E-9,727,4,35
custom-components,hacs,9.102751596940964E-9,173,9,65
cms-sw,cmssw,9.102301878468707E-9,440,5,46
pingcap,tidb,8.868808047673206E-9,332,3,99
weaveworks,eksctl,8.492123855311279E-9,281,12,28
mattermost,mattermost-server,8.471346861893035E-9,299,3,105
,livewire,8.446792233307838E-9,86,14,78
,dsvpn,8.346774845078023E-9,116,4,200
serverless,serverless,7.835894660594799E-9,180,4,121
apple,swift,7.727422565086565E-9,774,1,111
toggl,toggldesktop,7.518573306570712E-9,387,54,4
tootsuite,mastodon,7.512457135348026E-9,1099,1,76
ChilliCream,hotchocolate,7.512097360570222E-9,320,29,9
dotnet,cli,7.458131143899458E-9,691,4,30
swagger-api,swagger-ui,7.436544657231154E-9,195,4,106
youzan,vant,7.424312314785781E-9,134,2,308
,hutool,7.4104609858402854E-9,77,5,214
LibreDWG,libredwg,7.384737089227221E-9,622,33,4
vuejs,vue-cli,7.3232156022225505E-9,92,5,177
cube-js,cube.js,7.305586638110102E-9,71,13,88
,magnetW,7.1278578978743894E-9,52,4,381
material-components,material-components-ios,7.098806084566628E-9,287,11,25
facebook,react-native,6.948690058527454E-9,222,1,348
solo-io,gloo,6.922066724969878E-9,592,26,5
wikimedia,apps-android-wikipedia,6.901199787857183E-9,278,46,6
goharbor,harbor,6.892565193189861E-9,206,3,124
metabase,metabase,6.880692625522293E-9,425,2,90
getsentry,sentry,6.799743300516148E-9,1050,1,72
hyperf-cloud,hyperf,6.754411678512708E-9,149,8,63
alibaba,ice,6.721492286343543E-9,282,5,53
,three.js,6.7196934124545175E-9,155,1,482
alibaba,spring-cloud-alibaba,6.7177146511765885E-9,64,3,389
expo,expo,6.684165653146264E-9,835,1,89
department-of-veterans-affairs,caseflow,6.678858975173639E-9,1428,26,2
theme-next,hexo-theme-next,6.60330627183457E-9,483,1,152
,megabasterd,6.6014174542510935E-9,699,7,15
xamarin,Xamarin.Forms,6.578481812166019E-9,276,5,53
,iris,6.574884064387969E-9,86,10,85
Tencent,omi,6.543943433496731E-9,258,6,47
facebook,create-react-app,6.320523296479773E-9,61,2,576
,react-use,6.229860052472889E-9,111,13,48
digital-asset,daml,6.202337281970801E-9,1277,6,9
shipshapecode,shepherd,6.153857630661566E-9,277,19,13
open62541,open62541,6.134879511132348E-9,168,14,29
formatjs,react-intl,5.952113924007364E-9,88,16,47
,sampler,5.9283687886722275E-9,44,7,214
tensorflow,ngraph-bridge,5.865048427778533E-9,429,19,8
grpc,grpc,5.751449541686575E-9,147,3,145
aspnet,EntityFrameworkCore,5.748301512380781E-9,581,2,55
vue-styleguidist,vue-styleguidist,5.585503425423979E-9,345,20,9
formatjs,formatjs,5.560678965755428E-9,96,92,7
Kong,kong,5.499697140917466E-9,237,3,86
snyk,snyk,5.366940247907388E-9,195,34,9
keybase,client,5.307937184347355E-9,1553,2,19
Unity-Technologies,ml-agents,5.209538782617664E-9,362,2,80
botpress,botpress,5.1775188273930105E-9,369,6,26
intel,llvm,5.163487611058612E-9,1794,2,16
HabitRPG,habitica,5.122473286388832E-9,113,12,42
sequelize,sequelize,5.055735065105988E-9,55,14,73
micro,go-micro,5.012382204380475E-9,108,6,86
apache,beam,4.965611483265814E-9,268,2,103
,v2-ui,4.818103824365728E-9,64,9,93
WeBankFinTech,FATE,4.800834635031084E-9,417,2,64
,Playnite,4.750106391360566E-9,489,6,18
Activiti,Activiti,4.641094633685625E-9,129,2,200
justauth,JustAuth,4.6401951967411126E-9,55,7,134
marmelab,react-admin,4.606556255016337E-9,176,3,97
,SponsorBlock,4.597921660349015E-9,213,30,8
dbeaver,dbeaver,4.569859227680218E-9,219,4,58
ytdl-org,youtube-dl,4.561944182568506E-9,40,4,317
didi,mpx,4.481894294506875E-9,151,15,22
MyEtherWallet,MyEtherWallet,4.41011922633476E-9,454,6,18
elastic,beats,4.345359766329844E-9,183,3,88
wexond,desktop,4.24822057632247E-9,328,3,48
googleapis,google-cloud-php,4.238506657321733E-9,1309,4,9
aws,aws-cdk,4.22069780582038E-9,237,3,66
home-assistant,home-assistant-polymer,4.21422185981989E-9,137,9,38
xournalpp,xournalpp,4.18310134153975E-9,302,14,11
catboost,catboost,4.176985170317062E-9,387,5,24
spinnaker,clouddriver,4.1629539539826645E-9,87,28,19
microsoft,TypeScript,4.09333753447738E-9,222,1,205
,webots,4.079845980309689E-9,216,21,10
mdx-js,mdx,4.047466250307231E-9,100,9,50
ppy,osu,4.026959087972341E-9,156,7,41
huggingface,pytorch-transformers,3.996738006636714E-9,92,1,483
,Drill,3.975151519968409E-9,381,58,2
ElemeFE,element,3.96813591180121E-9,57,2,387
,OneForAll,3.964718051412061E-9,116,5,76
airbnb,lunar,3.9314388844650905E-9,186,47,5
WeBankFinTech,Linkis,3.926581924964722E-9,214,3,68
,coreclr-module,3.8990591544626325E-9,170,51,5
jenkins-x,jenkins-x-platform,3.868298410960298E-9,128,84,4
microsoft,onnxruntime,3.860383365848586E-9,580,2,37
sqlitebrowser,sqlitebrowser,3.816490842956365E-9,34,32,39
googleapis,google-cloud-go,3.742287295034066E-9,67,27,23
geekidea,spring-boot-plus,3.6297677332755256E-9,57,4,177
go-gitea,gitea,3.6274291972197917E-9,185,2,109
,MyBookshelf,3.583356786938669E-9,83,5,96
wordpress-mobile,WordPress-Android,3.581198138271838E-9,474,7,12
cdr,code-server,3.5779601652715925E-9,65,6,102
zephyrproject-rtos,zephyr,3.563569174159389E-9,566,1,70
react-native-community,cli,3.545580435269135E-9,73,10,54
strapi,strapi,3.4908946690427614E-9,313,1,124
googleapis,google-cloud-ruby,3.4505099502341404E-9,227,13,13
xamarin,XamarinComponents,3.4074269205919813E-9,164,21,11
,ACT.Hojoring,3.3975331142023405E-9,101,34,11
,xmrig,3.3890784069239215E-9,157,8,30
woocommerce,woocommerce,3.3243189469190058E-9,110,3,112
demisto,content,3.3162240144183917E-9,1229,3,10
mapbox,mapbox-gl-js,3.3112771112235713E-9,199,5,37
yuzu-emu,yuzu-canary,3.283304622249226E-9,39,39,24
testcontainers,testcontainers-java,3.2476869192465227E-9,531,2,34
kubeflow,pipelines,3.230417729911878E-9,146,6,41
,moveable,3.2201641487444336E-9,102,9,39
dotnet,coreclr,3.210630117132598E-9,388,2,46
googleapis,google-cloud-java,3.2009161981318616E-9,287,4,31
,chocolatey-packages,3.191022391742221E-9,162,219,1
linkerd,linkerd2,3.183467121408314E-9,347,6,17
SFDO-Tooling,CumulusCI-Test,3.1786101619079458E-9,76,155,3
,netron,3.1660180446847673E-9,110,4,80
rabbitmq,rabbitmq-server,3.1652984951291575E-9,106,4,83
GoogleChrome,lighthouse,3.1627800716845217E-9,298,1,118
nervosnetwork,ckb,3.072476602455446E-9,427,10,8
bitcoin,bitcoin,3.069418516844102E-9,113,1,302
,nginx-ultimate-bad-bot-blocker,3.0598844852322674E-9,81,42,10
,boblocale,3.0498107914537247E-9,2422,7,2
,uBlock,3.0400968724529865E-9,65,20,26
wise2c-devops,breeze,3.0048389442280886E-9,174,16,12
helm,helm,3.0016009712278434E-9,81,2,206
hashicorp,terraform,2.9513224460295815E-9,209,1,157
MobSF,Mobile-Security-Framework-MobSF,2.950602896473972E-9,243,3,45
narative,gatsby-theme-novela,2.9465554302236646E-9,104,5,63
Z3Prover,z3,2.9352225247228044E-9,74,21,21
,imgclsmob,2.921371195777309E-9,56,29,20
blockchain,blockchain-wallet-v4-frontend,2.8929489883307064E-9,86,22,17
swoole,swoole-src,2.862368132217274E-9,153,4,52
espnet,espnet,2.809121465102121E-9,244,4,32
manga-download,hakuneko,2.758752996209409E-9,213,24,6
storj,storj,2.7479597528752567E-9,1273,3,8
cabaletta,baritone,2.74256313120818E-9,66,3,154
hmrc,customs-declare-exports-frontend,2.693993536204493E-9,288,104,1
deepset-ai,FARM,2.691565056454309E-9,175,9,19
,AndroidUtilCode,2.676724346869849E-9,62,3,160
microsoft,vscode-cpptools,2.6758249099253363E-9,175,5,34
parse-community,parse-server,2.6659311035356963E-9,247,3,40
aws,aws-sdk-go,2.6659311035356963E-9,39,19,40
prometheus,prometheus,2.6421859682005604E-9,72,3,136
steem-engine-exchange,nitrous,2.628154751866162E-9,487,3,20
poanetwork,blockscout,2.6195201571988397E-9,809,3,12
vueComponent,ant-design-vue,2.606568265197857E-9,35,9,92
ffxiv-teamcraft,ffxiv-teamcraft,2.6040498417532217E-9,376,11,7
wix,Detox,2.578236001445706E-9,65,7,63
,react-data-table-component,2.5256189401917124E-9,120,13,18
testing-library,react-testing-library,2.5150055842464625E-9,82,11,31
spinnaker,orca,2.4916202236891315E-9,54,27,19
CodaProtocol,coda,2.488202363299983E-9,988,4,7
SAP,cloud-commerce-spartacus-storefront,2.449706462074839E-9,619,11,4
alphagov,gsp,2.4443098404077623E-9,316,86,1
cypress-io,cypress,2.4419713043520296E-9,362,1,75
minio,minio,2.41588763296116E-9,79,5,68
Yoast,wordpress-seo,2.409051912182864E-9,186,12,12
firefly-iii,firefly-iii,2.396100020181881E-9,120,6,37
voidcosmos,npkill,2.3853067768477285E-9,130,12,17
Jigsaw-Code,outline-client,2.3822486912363855E-9,19,41,34
uber,cadence,2.375053195680283E-9,326,9,9
OpenAPITools,openapi-generator,2.3668683194852175E-9,277,1,95
ethereum,web3.js,2.3326897155937343E-9,133,3,65
chiflix,splayerx,2.305436776174999E-9,267,24,4
,whatsmars,2.246343768920513E-9,111,9,25
dotnet,core-sdk,2.245174500892647E-9,1783,2,7
,crawlab,2.241756640503499E-9,134,2,93
ethereum,solidity,2.2327622710583714E-9,428,2,29
cmangos,tbc-db,2.2327622710583714E-9,116,107,2
,homeassistant,2.230963397169346E-9,318,6,13
kubernetes,minikube,2.193546820277617E-9,134,2,91
yarnpkg,berry,2.186621155804869E-9,151,7,23
0xProject,0x-monorepo,2.1856317751659053E-9,675,3,12
,SmartYouTubeTV,2.1759178561651676E-9,84,16,18
Courseplay,courseplay,2.169441910164676E-9,67,40,9
prisma,prisma2,2.1532520451634473E-9,90,7,38
abpframework,abp,2.147315761329663E-9,346,1,69
prisma,prisma,2.104952281243114E-9,269,3,29
pmmp,PocketMine-MP,2.0982065041592685E-9,144,3,54
topcoder-platform,community-app,2.087593148214019E-9,211,11,10
google,blockly,2.0875931482140186E-9,211,2,55
,material-table,2.085254612158286E-9,46,9,56
wazuh,wazuh,2.081117202213527E-9,503,2,23
apache,skywalking,2.069514465629313E-9,133,1,173
chaitin,xray,2.0493670780722284E-9,49,5,93
explosion,spaCy,2.038124116265819E-9,110,2,103
PHPOffice,PhpSpreadsheet,2.037764341488014E-9,118,4,48
netlify,cli,2.037764341488014E-9,118,16,12
PaddlePaddle,models,2.024812449487031E-9,112,1,201
pytorch,fairseq,2.022833688209103E-9,130,1,173
dotnet,roslyn,2.02049515215337E-9,468,1,48
department-of-veterans-affairs,vets-website,2.0190560530421497E-9,488,46,1
,Mindustry,2.0172571791531238E-9,178,6,21
metatron-app,metatron-discovery,1.994591368151404E-9,154,2,72
jest-community,eslint-plugin-jest,1.9760629670944413E-9,169,13,10
lbryio,lbry-desktop,1.975163530149929E-9,183,15,8
solana-labs,solana,1.9589736651486998E-9,396,5,11
influxdata,telegraf,1.93918605236942E-9,140,2,77
,misskey,1.9283928090352672E-9,335,8,8
aliyun,alibaba-cloud-sdk-go,1.9140018179230645E-9,56,38,10
pachyderm,pachyderm,1.907166097144767E-9,279,4,19
mamedev,mame,1.906716378672511E-9,493,1,43
sweetalert2,sweetalert2,1.89601307903281E-9,85,8,31
IdentityServer,IdentityServer4,1.888817583476708E-9,100,2,105
wasmerio,wasmer,1.8747863671423094E-9,579,2,18
alibaba-fusion,next,1.8708288445864535E-9,100,13,16
Azure,azure-sdk-for-go,1.8661517724749873E-9,247,7,12
,ClassicUO,1.864262954891511E-9,329,7,9
Jigsaw-Code,outline-server,1.8521205561405891E-9,39,33,16
LN-Zap,zap-desktop,1.851041231807174E-9,686,6,5
emqx,emqx,1.8456446101400976E-9,152,5,27
matomo-org,matomo,1.8388988330562521E-9,235,3,29
stripe,stripe-cli,1.8357508037504576E-9,157,13,10
kubernetes,kops,1.8310737316389914E-9,87,2,117
,tivi,1.8213598126382539E-9,125,9,18
fluxcd,flux,1.8069688215260508E-9,205,2,49
TechReborn,TechReborn,1.805169947637025E-9,223,15,6
pimcore,pimcore,1.8031911863590969E-9,179,4,28
plotly,plotly.js,1.7943767043028723E-9,266,3,25
,uPic,1.7889800826357964E-9,90,13,17
,UnblockNeteaseMusic,1.788080645691284E-9,20,7,142
ceph,ceph-ansible,1.7873610961356738E-9,138,6,24
kisslinux,repo,1.784932616385489E-9,441,9,5
preactjs,preact,1.7844828979132327E-9,155,4,32
,BaseRecyclerViewAdapterHelper,1.7761181343292644E-9,31,7,91
syncthing,syncthing,1.77368965457908E-9,58,5,68
dotnet,wpf,1.7521031679107749E-9,487,2,20
,hexo-theme-nexmoe,1.7503042940217494E-9,139,4,35
cloudflare,wrangler,1.7477858705771138E-9,347,4,14
trufflesuite,truffle,1.7427490236878427E-9,173,4,28
deckgo,deckdeckgo,1.7269189334644186E-9,200,12,8
dotnet,samples,1.7215223117973425E-9,87,2,110
elastic,cloud-on-k8s,1.6999358251290372E-9,210,6,15
TrinityCore,TrinityCore,1.6963380773509862E-9,230,1,82
angular,components,1.6864442709613462E-9,75,2,125
grafana,loki,1.6797884375719525E-9,161,2,58
cozy,cozy-libs,1.671513617682435E-9,404,46,1
facebook,docusaurus,1.6693549690156047E-9,116,2,80
argoproj,argo-cd,1.6603605995704776E-9,142,5,26
microsoft,botframework-solutions,1.656223189625719E-9,297,2,31
mdn,browser-compat-data,1.6556835274590114E-9,118,3,52
,rom_builder,1.6520857796809606E-9,82,7,32
,Mirror,1.6483081445140068E-9,98,17,11
,Wexflow,1.6384143381243672E-9,198,4,23
LiskHQ,lisk-sdk,1.6333774912350962E-9,454,4,10
,frp,1.6189865001228927E-9,24,3,250
,CZXing,1.6135898784558162E-9,39,10,46
mozilla-mobile,android-components,1.60819325678874E-9,298,6,10
,flutter_easyrefresh,1.6060346081219095E-9,124,4,36
pixijs,pixi.js,1.605494945955202E-9,105,1,170
bigbluebutton,greenlight,1.6027966351216635E-9,110,6,27
,dockerserver,1.5947017026210492E-9,197,15,6
Azure,aks-engine,1.5866067701204347E-9,105,8,21
box,box-ui-elements,1.5866067701204347E-9,105,21,8
microsoft,Windows-driver-samples,1.5785118376198201E-9,13,18,75
DataDog,datadog-agent,1.5691576933968882E-9,671,1,26
,incognito-chain,1.568797918619083E-9,646,27,1
gruntwork-io,terragrunt,1.5650202834521294E-9,58,12,25
microsoft,vcpkg,1.5639409591187141E-9,189,1,92
VictoriaMetrics,VictoriaMetrics,1.5626817473963965E-9,146,7,17
quarkusio,quarkus,1.5598934928684069E-9,123,3,47
,Notepads,1.5574650131182224E-9,156,3,37
kubeflow,kubeflow,1.5542270401179768E-9,60,6,48
GoogleContainerTools,jib,1.5474812630341315E-9,185,3,31
,juice-shop,1.538037175116748E-9,190,1,90
process-engine,bpmn-studio,1.5369578507833326E-9,267,32,2
cilium,cilium,1.5340796525608919E-9,533,2,16
OWASP,owasp-mstg,1.5307517358661953E-9,183,3,31
react-native-community,react-native-webview,1.5236461840045442E-9,22,10,77
ColorlibHQ,AdminLTE,1.5183395060319191E-9,17,3,331
wireapp,wire-webapp,1.5117736163369765E-9,382,4,11
NativeScript,NativeScript,1.5110540667813662E-9,240,5,14
GeekyAnts,NativeBase,1.507276431614413E-9,57,6,49
CoinAlpha,hummingbot,1.5056574451142897E-9,279,4,15
dwp,hbase-to-mongo-export,1.4953139202523937E-9,175,19,5
envoyproxy,envoy,1.4824519719458618E-9,201,1,82
kframework,evm-semantics,1.4606855978886543E-9,290,28,2
,graphql-code-generator,1.457087850110603E-9,216,3,25
AzureAD,microsoft-authentication-library-for-js,1.456368300554993E-9,176,4,23
coredns,coredns,1.454389539277065E-9,154,3,35
IgniteUI,igniteui-angular,1.4538498771103572E-9,898,18,1
forseti-security,forseti-security,1.447373931109866E-9,298,6,9
Homebrew,brew,1.4435962959429123E-9,50,3,107
,OpenKey,1.4415275909705334E-9,47,11,31
,ProjectAutomation,1.4355013634422982E-9,152,7,15
microsoft,azure-pipelines-image-generation,1.431184066108637E-9,102,6,26
WordOps,WordOps,1.4254276696637557E-9,283,8,7
tencentyun,TIMSDK,1.4247081201081456E-9,44,3,120
WFCD,warframe-items,1.4184120614965564E-9,83,38,5
ethereum,go-ethereum,1.4148143137185054E-9,55,2,143
,Anime4K,1.4133752146072853E-9,81,2,97
microsoft,WebTemplateStudio,1.4117562281071624E-9,654,4,6
PGBlitz,PGBlitz.com,1.4049205073288656E-9,71,22,10
jgraph,drawio,1.401322759550815E-9,19,10,82
unisonweb,unison,1.3988043361061793E-9,162,6,16
CraneStation,wasmtime,1.3977250117727639E-9,74,30,7
vmware,octant,1.3977250117727636E-9,70,3,74
ImageMagick,ImageMagick,1.3842334576050733E-9,95,6,27
typescript-eslint,typescript-eslint,1.3772178494378738E-9,116,2,66
JustArchiNET,ArchiSteamFarm,1.3761385251044588E-9,90,10,17
dotnet,core-setup,1.372900552104213E-9,848,2,9
,owlcms4,1.3720011151597002E-9,263,29,2
artsy,reaction,1.353472714102738E-9,209,72,1
pytest-dev,pytest,1.349155416769077E-9,75,4,50
,RSSHub-Radar,1.3437587951020007E-9,83,10,18
great-expectations,great_expectations,1.3405208221017553E-9,414,6,6
DevExpress,DevExtreme,1.3394414977683399E-9,438,2,17
ovh-ux,manager,1.3372828491015094E-9,413,18,2
denoland,deno,1.3275689301007717E-9,120,3,41
marktext,marktext,1.3158762498221066E-9,77,5,38
aws,aws-sdk-ruby,1.3158762498221064E-9,70,19,11
b3log,solo,1.314617038099789E-9,56,1,261
holochain,holochain-rust,1.3124583894329583E-9,456,4,8
,chummer5a,1.3119187272662509E-9,51,22,13
grpc,grpc-go,1.311379065099543E-9,36,5,81
,just-the-docs,1.3088606416549075E-9,107,2,68
AzuraCast,AzuraCast,1.3038237947656362E-9,302,2,24
seata,seata,1.2989668352652675E-9,58,1,249
strongbox,strongbox,1.2970780176817909E-9,33,23,19
dgraph-io,dgraph,1.2957288622650219E-9,343,1,42
filecoin-project,rust-fil-proofs,1.2861948306531868E-9,286,50,1
Azure,azure-powershell,1.2822373080973309E-9,132,2,54
carbon-design-system,carbon,1.2816976459306233E-9,125,3,38
,syn,1.2789993350970848E-9,158,9,10
,ss-tproxy,1.2789993350970848E-9,316,3,15
tendermint,tendermint,1.2782797855414747E-9,209,2,34
MetaMask,metamask-extension,1.2782797855414747E-9,209,2,34
dotnet,machinelearning-samples,1.2749518688467778E-9,189,1,75
,cactbot,1.2692854160963477E-9,98,6,24
,gpt2client,1.2692854160963477E-9,49,18,16
faker-ruby,faker,1.2664072178739072E-9,64,4,55
XiaoMi,hiui,1.2628094700958562E-9,195,8,9
stripe,stripe-android,1.2548944249841441E-9,218,8,8
,ring,1.2466196050946274E-9,33,70,6
Netflix,conductor,1.2347470374270596E-9,52,8,33
containous,yaegi,1.2343872626492543E-9,47,4,73
dawnlabs,carbon,1.2340274878714491E-9,56,7,35
operator-framework,operator-sdk,1.2298900779266905E-9,129,2,53
fossasia,open-event-server,1.2261124427597373E-9,142,3,32
scrumpy,tiptap,1.2246733436485171E-9,23,16,37
facebook,rocksdb,1.2239537940929069E-9,84,2,81
tikv,tikv,1.2189169472036355E-9,121,2,56
,qiniu-suits-java,1.2151393120366823E-9,193,14,5
aspnet,Extensions,1.2138801003143642E-9,241,2,28
numpy,numpy,1.2066846047582626E-9,104,1,129
,SSPanel-Uim,1.2052455056470423E-9,67,2,100
,RainbowMiner,1.2047058434803349E-9,362,37,1
cockpit-project,cockpit,1.1937327127572794E-9,158,7,12
ovh-ux,ovh-manager-dedicated,1.1861774424233725E-9,314,14,3
epicmaxco,vuestic-admin,1.175024424311415E-9,142,1,92
Kava-Labs,kava-testnets,1.1692680278665336E-9,100,1,130
,QOwnNotes,1.1672892665886057E-9,103,126,1
react-component,tree,1.1527183880874995E-9,89,18,8
Shopify,polaris-react,1.1430044690867621E-9,353,2,18
teambit,bit,1.1397664960865163E-9,176,4,18
Activiti,activiti-cloud-full-chart,1.1368882978640754E-9,316,40,1
,imgui,1.1365285230862705E-9,54,2,117
haiwen,seahub,1.133290550086025E-9,450,7,4
flant,werf,1.1238464621686413E-9,147,17,5
cakephp,cakephp,1.1197989959183342E-9,166,3,25
rollup,rollup,1.118180009418211E-9,74,6,28
joomla,joomla-cms,1.117100685084796E-9,207,3,20
duckduckgo,Android,1.117100685084796E-9,115,6,18
containous,traefik,1.1106247390843043E-9,63,2,98
dotnet,orleans,1.1084660904174737E-9,79,4,39
dotnet,winforms,1.1036091309171052E-9,409,2,15
appsody,stacks,1.0973130723055162E-9,61,20,10
containers,libpod,1.090657238916122E-9,141,2,43
NG-ZORRO,ng-zorro-antd,1.0798639955819695E-9,69,3,58
nrwl,nx,1.0757265856372107E-9,92,10,13
prusa3d,PrusaSlicer,1.074827148692698E-9,239,2,25
,XIVOpeners,1.0706897387479395E-9,124,32,3
,husky,1.0703299639701346E-9,70,5,34
actix,actix-web,1.068531090081109E-9,55,8,27
open-rpa,openrpa,1.0649333423030583E-9,40,37,8
,EmbyStat,1.0613355945250074E-9,295,10,4
,poli,1.0566585224135414E-9,33,4,89
cortexlabs,cortex,1.056658522413541E-9,356,3,11
git-for-windows,git,1.0519814503020752E-9,86,4,34
typical-go,typical-rest-server,1.0433468556347528E-9,100,58,2
gohugoio,hugoDocs,1.0407384884956661E-9,57,7,29
prebid,Prebid.js,1.0383100087454815E-9,111,4,26
,mastercomfig,1.0325536123006005E-9,164,7,10
iterative,dvc,1.0312944005782824E-9,63,7,26
NethermindEth,nethermind,1.0289558645225495E-9,286,10,4
HazyResearch,snorkel,1.027786596494683E-9,293,1,39
mlflow,mlflow,1.024458679799986E-9,85,2,67
urbit,urbit,1.0231994680776679E-9,316,6,6
nuls-io,nuls-v2,1.0231994680776679E-9,474,4,6
visjs,vis-network,1.0217603689664477E-9,71,8,20
,clover-builder,1.0199614950774225E-9,27,30,14
bilibili,kratos,1.0199614950774222E-9,54,2,105
fastlane,fastlane,1.0178028464105916E-9,41,3,92
aoju,bus,1.0118665625768077E-9,125,6,15
apache,incubator-superset,1.010247576076685E-9,72,1,156
dotnetcore,Natasha,1.010247576076685E-9,234,3,16
react-native-community,react-native-camera,1.010247576076685E-9,24,6,78
reactioncommerce,reaction,1.006559884604183E-9,361,1,31
emberjs,ember.js,9.9999399490924E-10,109,6,17
SUSE,skuba,9.929783867420409E-10,80,6,23
Nexenta,edgefs,9.929783867420407E-10,40,23,12
zio,zio,9.929783867420407E-10,138,2,40
nextcloud,android,9.908197380752102E-10,306,2,18
microsoft,interpret,9.908197380752102E-10,204,3,18
,gatsby-starter-lumen,9.893806389639899E-10,100,2,55
baidu,amis,9.870421029082568E-10,93,2,59
ARMmbed,mbed-os,9.821851434078881E-10,105,2,52
protocolbuffers,protobuf,9.807460442966678E-10,47,1,232
carbon-design-system,gatsby-theme-carbon,9.785873956298373E-10,68,10,16
localstack,localstack,9.785873956298373E-10,85,2,64
,TFT-Overlay,9.746298730739812E-10,21,6,86
Automattic,jetpack,9.721114496293457E-10,386,2,14
jekyll,jekyll,9.641964045176338E-10,80,1,134
firebase,firebase-ios-sdk,9.638366297398289E-10,564,1,19
pegnet,pegnet,9.557416972392142E-10,253,6,7
T-Systems-MMS,phonebook,9.498054134054303E-10,176,15,4
,nexus-kubernetes-openshift,9.40811043960303E-10,1046,10,1
tektoncd,pipeline,9.400914944046932E-10,67,3,52
vtex-apps,store-components,9.357741970710319E-10,102,17,6
docker,docker-ce,9.343350979598115E-10,98,2,53
microsoft,MLOpsPython,9.325362240707862E-10,162,2,32
,gatsby-theme-amsterdam,9.32536224070786E-10,72,16,9
fecshop,yii2_fecshop,9.292982510705404E-10,41,9,28
,minimal-twitter,9.28218926737125E-10,86,12,10
cucumber,cucumber,9.280390393482225E-10,134,7,11
citusdata,citus,9.276792645704175E-10,382,3,9
YugaByte,yugabyte-db,9.233619672367563E-10,174,1,59
Automattic,simplenote-electron,9.230921361534027E-10,311,3,11
palletone,go-palletone,9.224625302922437E-10,641,8,2
Workday,canvas-kit,9.167061338473623E-10,91,7,16
Submitty,Submitty,9.12029061735896E-10,676,5,3
deepstreamIO,deepstream.io,9.023151427351589E-10,48,19,11
bazelbuild,bazel-toolchains,9.008760436239384E-10,626,4,4
arduino,arduino-cli,9.001564940683282E-10,139,8,9
,markor,8.958391967346673E-10,332,6,5
,blog,8.953894782624109E-10,181,11,5
jenkinsci,docker,8.94040322845642E-10,28,5,71
triplea-game,triplea,8.936805480678367E-10,72,69,2
GoogleChrome,puppeteer,8.90442575067591E-10,44,1,225
videojs,video.js,8.864850525117349E-10,88,2,56
Ultimaker,Cura,8.845062912338069E-10,298,1,33
GoogleContainerTools,skaffold,8.839666290670994E-10,91,3,36
hacklcx,HFish,8.81538149316915E-10,33,3,99
microsoft,msix-packaging,8.812683182335612E-10,142,23,3
kframework,k,8.766811898165465E-10,171,19,3
,lazydocker,8.726337235662391E-10,21,6,77
balena-io,balena-cli,8.715543992328239E-10,170,19,3
drud,ddev,8.702052438160547E-10,43,15,15
grpc,grpc-java,8.677767640658704E-10,48,3,67
DestinyItemManager,DIM,8.6633766495465E-10,172,4,14
seleniumbase,SeleniumBase,8.6633766495465E-10,43,16,14
microsoft,pai,8.647186784545271E-10,418,1,23
jenkins-x-charts,environment-controller,8.634594667322094E-10,80,60,2
obsproject,obs-studio,8.630097482599528E-10,101,1,95
,AidLearning-FrameWork,8.629198045655017E-10,41,1,234
invertase,react-native-firebase,8.605812685097687E-10,184,1,52
microsoft,azuredatastudio,8.562639711761076E-10,595,1,16
,gopay,8.562639711761076E-10,85,7,16
pytorch,audio,8.526662233980566E-10,158,6,10
,pydantic,8.508673495090313E-10,86,5,22
Azure,azure-cli,8.485288134532982E-10,89,2,53
,getAwayBSG,8.476293765087855E-10,38,4,62
pytorch,vision,8.472696017309804E-10,60,1,157
,stm32bluepill-mynewt-sensor,8.45470727841955E-10,235,10,4
BabylonJS,Babylon.js,8.418729800639042E-10,195,1,48
,IBPCollectionViewCompositionalLayout,8.310797367297515E-10,105,8,11
windmilleng,tilt,8.310797367297514E-10,385,8,3
zerotier,ZeroTierOne,8.281115948128594E-10,93,3,33
aws,aws-sdk-js,8.256831150626753E-10,20,17,27
tensorflow,datasets,8.165088582286454E-10,267,1,34
mattermost,mattermost-mobile,8.094932500614464E-10,225,2,20
,radare2,8.094932500614464E-10,250,1,36
nginxinc,kubernetes-ingress,8.084139257280311E-10,107,2,42
jenkinsci,jenkins,8.039167410054674E-10,41,2,109
wagtail,wagtail,8.008586553941241E-10,53,3,56
gardener,gardener,7.989698378106475E-10,141,7,9
,podinfo,7.933033850602174E-10,49,10,18
linuxmint,cinnamon,7.933033850602173E-10,21,42,10
influxdata,flux,7.915045111711919E-10,440,5,4
ray-project,ray,7.853883399485054E-10,118,1,74
dotnet,core,7.8358946605948E-10,44,2,99
orchidsoftware,platform,7.835894660594798E-10,121,6,12
oracle,graal,7.834995223650286E-10,281,1,31
,laravel-admin,7.819704795593572E-10,42,3,69
3scale,porta,7.803514930592341E-10,482,6,3
,goInception,7.79272168725819E-10,57,4,38
,coil,7.778330696145986E-10,94,2,46
official-antistasi-community,A3-Antistasi-1.4,7.717168983919121E-10,143,5,12
stripe,stripe-ios,7.69378362336179E-10,94,7,13
digitalocean,doctl,7.663202767248358E-10,71,12,10
quelea-projection,Quelea,7.657806145581281E-10,43,22,9
commaai,openpilot,7.587650063909291E-10,19,3,148
yewstack,yew,7.576856820575137E-10,108,3,26
ArkEcosystem,core,7.487812563068379E-10,185,3,15
gitcoinco,web,7.483315378345813E-10,260,4,8
material-components,material-components-android,7.460829454732997E-10,105,1,79
awslabs,serverless-application-model,7.38257844056039E-10,36,3,76
opf,openproject,7.353796458335983E-10,292,1,28
elastic,logstash,7.285439250553015E-10,75,3,36
microsoft,vscode-python,7.281841502774966E-10,184,2,22
apple,foundationdb,7.278243754996915E-10,119,4,17
,subsurface,7.249461772772508E-10,65,31,4
,WePush,7.226076412215178E-10,103,3,26
alibaba,nacos,7.2206797905481E-10,36,1,223
ppy,osu-framework,7.182903438878566E-10,66,11,11
Wechat-Group,WxJava,7.051585644979709E-10,49,1,160
opendatakit,collect,7.038993527756533E-10,43,7,26
ropensci,drake,7.037194653867507E-10,326,4,6
elastic,elasticsearch-net,7.023703099699816E-10,137,3,19
tailwindcss,tailwindcss,7.022803662755302E-10,32,4,61
,FrackinUniverse,7.015608167199201E-10,65,10,12
,terraform-aws-gitlab-runner,7.015608167199201E-10,65,10,12
buefy,buefy,6.994021680530896E-10,81,3,32
Neufund,platform-frontend,6.988625058863819E-10,370,21,1
mendix,native-template,6.972435193862591E-10,34,4,57
vaadin,flow,6.970636319973564E-10,310,5,5
cefsharp,CefSharp,6.950848707194286E-10,46,4,42
mozilla,application-services,6.943653211638183E-10,193,8,5
,MarioMaker2OCR,6.92566447274793E-10,77,50,2
Electron-Cash,Electron-Cash,6.907675733857676E-10,160,12,4
tencentyun,TRTCSDK,6.896882490523521E-10,36,3,71
spring-projects,spring-integration,6.894184179689984E-10,73,5,21
,PresentationBingoCards,6.85640782802045E-10,77,11,9
palantir,gradle-baseline,6.850111769408861E-10,136,14,4
alphagov,verify-metadata-controller,6.80693879607225E-10,88,86,1
MasoniteFramework,core,6.804240485238711E-10,89,5,17
,monday,6.799743300516148E-10,35,12,18
eslint,eslint,6.792547804960047E-10,64,2,59
,layuimini,6.748475394678925E-10,61,3,41
,Carbon,6.734983840511233E-10,36,13,16
shadowsocks,shadowsocks-android,6.702604110508774E-10,12,3,207
,to-be-slack,6.699006362730724E-10,56,7,19
scipy,scipy,6.678319313006931E-10,99,1,75
brave,brave-ios,6.673822128284368E-10,265,2,14
,vnpy,6.648637893838013E-10,56,1,132
fuzzitdev,fuzzit,6.648637893838013E-10,66,28,4
,NeteaseCloudMusicApi,6.637844650503858E-10,15,2,246
home-assistant,hassio,6.569487442720892E-10,166,11,4
Azure,application-gateway-kubernetes-ingress,6.543403771330024E-10,291,5,5
,ImageAI,6.522716721606232E-10,49,2,74
facebook,flow,6.50832573049403E-10,134,3,18
,next-i18next,6.47594600049157E-10,45,10,16
dotnet,docfx,6.459756135490341E-10,114,3,21
,Xenobyte,6.419281472987268E-10,61,13,9
,SmartRefreshLayout,6.411186540486655E-10,81,1,88
alibaba,uform,6.332036089369536E-10,44,8,20
CrunchyData,postgres-operator,6.332036089369535E-10,88,5,16
DS-Homebrew,TWiLightMenu,6.332036089369535E-10,128,5,11
toggl,mobileapp,6.308650728812205E-10,334,7,3
,terminus,6.288863116032925E-10,92,2,38
surveyjs,survey-library,6.281667620476824E-10,97,6,12
elastic,elasticsearch-js,6.270874377142671E-10,166,3,14
dotnet,toolset,6.27087437714267E-10,1162,2,3
nhn,tui.grid,6.252885638252416E-10,158,4,11
,sshwifty,6.243891268807288E-10,89,13,6
EssentialsX,Essentials,6.233098025473137E-10,210,1,33
,joplin,6.233098025473137E-10,77,2,45
,NDArray,6.216908160471908E-10,64,18,6
line,armeria,6.197120547692627E-10,53,5,26
,ShadowEditor,6.173735187135298E-10,264,2,13
private-dreamnet,dreamtime,6.173735187135298E-10,52,2,66
amethyst,amethyst,6.173735187135298E-10,156,1,44
lammps,lammps,6.170137439357246E-10,49,5,28
betaflight,betaflight,6.155746448245042E-10,116,1,59
plotly,dash,6.14495320491089E-10,122,2,28
casual-simulation,aux,6.119768970464535E-10,243,14,2
containerd,containerd,6.110774601019406E-10,79,2,43
vuejs,vue-router,6.100880794629767E-10,19,3,119
greenplum-db,gpdb,6.080193744905973E-10,260,1,26
balena-io,etcher,6.071199375460847E-10,90,3,25
jenkins-x,jenkins-x-builders,6.063104442960233E-10,107,63,1
,libnspv,6.030724712957775E-10,745,1,9
vim,vim-win32-installer,6.022629780457161E-10,31,27,8
NetchX,Netch,6.02262978045716E-10,31,3,72
wemake-services,wemake-python-styleguide,6.02262978045716E-10,124,3,18
rx-ts,eslint-mdx,5.981255681009575E-10,190,35,1
,trimesh,5.963266942119321E-10,51,13,10
aws,sagemaker-python-sdk,5.957870320452244E-10,46,12,12
kubernetes,ingress-nginx,5.93628383378394E-10,50,1,132
DevExpress,testcafe,5.936283833783939E-10,50,6,22
articulate,terraform-provider-okta,5.936283833783939E-10,75,8,11
,frosted-panel,5.929088338227838E-10,206,32,1
2600hz,kazoo,5.918295094893686E-10,235,7,4
,GDevelop,5.90030635600343E-10,82,4,20
,homebridge-nest,5.893110860447329E-10,52,14,9
moby,buildkit,5.893110860447329E-10,63,4,26
coralproject,talk,5.893110860447328E-10,312,7,3
microsoft,BotFramework-WebChat,5.871524373779024E-10,102,2,32
kyma-project,kyma,5.860731130444872E-10,181,4,9
bitnami-labs,sealed-secrets,5.855334508777795E-10,93,7,10
QUANTAXIS,QUANTAXIS,5.855334508777794E-10,35,6,31
vscode-icons,vscode-icons,5.842742391554618E-10,56,4,29
google,site-kit-wp,5.842742391554616E-10,116,2,28
Zilliqa,Zilliqa,5.828351400442412E-10,216,6,5
,Mellow,5.828351400442412E-10,36,12,15
analysys,EasyScheduler,5.817558157108261E-10,66,1,98
systemd,systemd,5.792373922661904E-10,140,1,46
framework7io,framework7,5.752798697103345E-10,41,6,26
stellar,go,5.742005453769193E-10,114,4,14
kiali,kiali,5.738407705991142E-10,58,10,11
knative,serving,5.686240363209403E-10,218,1,29
spatie,laravel-medialibrary,5.682642615431352E-10,27,9,26
flutterchina,flutter-in-action,5.666452750430125E-10,10,3,210
ag-grid,ag-grid,5.666452750430124E-10,210,1,30
,ElectroCRUD,5.639469642094742E-10,55,6,19
scrapy,scrapy,5.612486533759361E-10,26,2,120
,nyan,5.61248653375936E-10,130,12,4
stripe,stripe-go,5.577408492923365E-10,53,13,9
NatronGitHub,Natron,5.569313560422751E-10,86,12,6
,jnitrace,5.540531578198343E-10,35,16,11
Kitware,CMake,5.52614058708614E-10,96,2,32
gentics,mesh,5.52614058708614E-10,192,8,4
google,ggrc-core,5.495559730972707E-10,94,5,13
raiden-network,raiden,5.486565361527581E-10,122,5,10
Nexusoft,NexusInterface,5.450587883747071E-10,202,5,6
freqtrade,freqtrade,5.443392388190969E-10,178,1,34
concourse,concourse,5.441593514301945E-10,242,1,25
jenkins-x,jenkins-x-versions,5.42360477541169E-10,201,10,3
treolabs,treopim,5.411012658188512E-10,47,32,4
mongodb,mongodb-atlas-service-broker,5.391225045409232E-10,111,27,2
deepmipt,DeepPavlov,5.389426171520208E-10,107,2,28
ATLauncher,ATLauncher,5.342655450405547E-10,132,15,3
plan-player-analytics,Plan,5.342655450405546E-10,165,9,4
apache,incubator-druid,5.332761644015905E-10,121,1,49
firebase,firebase-tools,5.324666711515291E-10,185,4,8
banzaicloud,bank-vaults,5.32106896373724E-10,116,3,17
,Soldier76,5.320169526792727E-10,35,13,13
portainer,portainer,5.318370652903702E-10,73,3,27
hotosm,tasking-manager,5.310275720403087E-10,328,3,6
iresty,apisix,5.29768360317991E-10,95,2,31
supertuxkart,stk-code,5.297683603179909E-10,19,2,155
,XamarinMediaManager,5.288689233734783E-10,105,8,7
FairwindsOps,polaris,5.263504999288426E-10,154,2,19
googleapis,google-cloud-dotnet,5.2617061253994E-10,65,9,10
ElrondNetwork,elrond-go,5.252711755954274E-10,584,5,2
googleapis,google-auth-library-nodejs,5.234723017064019E-10,97,6,10
letscontrolit,ESPEasy,5.223929773729867E-10,22,8,33
vtex,styleguide,5.216734278173764E-10,232,25,1
kubernetes-client,python,5.19155004372741E-10,26,3,74
,php-crud-api,5.180756800393255E-10,36,16,10
linq2db,linq2db,5.164566935392027E-10,319,3,6
alibaba,MNN,5.144779322612748E-10,22,4,65
,wechat,5.126790583722493E-10,30,5,38
DivanteLtd,vue-storefront,5.098008601498086E-10,109,1,52
tModLoader,tModLoader,5.086315921219421E-10,65,3,29
google,filament,5.086315921219421E-10,145,1,39
Genymobile,scrcpy,5.07282436705173E-10,30,1,188
,AppImageLauncher,5.07282436705173E-10,47,40,3
,CameraView,5.051237880383425E-10,78,3,24
weaveworks,ignite,5.051237880383424E-10,108,4,13
,awesome-go-cn,5.036846889271222E-10,40,5,28
,GameHub,5.036846889271222E-10,20,14,20
,SkyblockAddons,5.036846889271221E-10,50,4,28
cytoscape,cytoscape.js,4.991875042045585E-10,37,6,25
sicara,tf-explain,4.98647842037851E-10,77,3,24
bioinfologics,sdg,4.964891933710203E-10,138,20,2
MISP,MISP,4.950500942598E-10,172,2,16
zendesk,samson,4.950500942598E-10,86,32,2
PaddlePaddle,PARL,4.946003757875437E-10,141,1,39
,teams-for-linux,4.946003757875437E-10,47,9,13
Sefaria,Sefaria-Project,4.929813892874208E-10,87,9,7
IBM,carbon-addons-iot-react,4.910925717039441E-10,140,39,1
bitpay,copay,4.910925717039441E-10,91,3,20
finos,datahelix,4.90732796926139E-10,341,16,1
talos-systems,talos,4.897434162871749E-10,121,5,9
,personal-management-system,4.892936978149187E-10,64,5,17
spatialos,UnrealGDK,4.889339230371136E-10,604,3,3
TownyAdvanced,Towny,4.878545987036983E-10,113,4,12
steemit,steem,4.878545987036983E-10,113,8,6
,RemixAutoML,4.86415499592478E-10,338,4,4
,NetGuard,4.86415499592478E-10,52,8,13
,kafkajs,4.856959500368678E-10,54,5,20
trustwallet,blockatlas,4.856959500368677E-10,150,4,9
,ulfberht,4.820982022588168E-10,134,10,4
,AsyncLine,4.79849609897535E-10,97,5,11
wazuh,wazuh-kibana-app,4.792200040363761E-10,222,8,3
,clashX,4.785004544807661E-10,20,7,38
,hosts,4.778708486196072E-10,23,7,33
,babashka,4.776010175362533E-10,177,10,3
vimeo,psalm,4.709451841468592E-10,154,2,17
rook,rook,4.703155782857003E-10,63,1,83
bisq-network,bisq,4.695060850356389E-10,58,3,30
mavlink,qgroundcontrol,4.669876615910032E-10,118,1,44
,system,4.662681120353929E-10,64,27,3
alibaba,Sentinel,4.6545861878533166E-10,25,1,207
,OpenClash,4.650089003130753E-10,47,11,10
matrix-org,matrix-react-sdk,4.646491255352702E-10,246,3,7
aws,amazon-vpc-cni-k8s,4.641094633685625E-10,43,5,24
aeternity,aeternity,4.6410946336856244E-10,516,2,5
phpstan,phpstan,4.6168098361837816E-10,59,3,29
yiisoft,yii2,4.605117155905117E-10,40,2,64
remaxjs,remax,4.597921660349016E-10,284,2,9
dt-fe,weekly,4.5871284170148627E-10,17,5,60
,rez,4.587128417014862E-10,34,15,10
aerogear,graphback,4.576335173680709E-10,159,8,4
,SickZil-Machine,4.533162200344099E-10,72,7,10
,ciao,4.5196706461764077E-10,67,5,15
,cemu_graphic_packs,4.49718472256359E-10,25,25,8
TuringLang,Turing.jl,4.489989227007489E-10,96,4,13
department-of-veterans-affairs,vets-api,4.461207244783082E-10,248,20,1
,Tigo,4.4576094970050314E-10,28,3,59
pyvista,pyvista,4.446816253670879E-10,206,4,6
trustwallet,wallet-core,4.443218505892828E-10,52,5,19
RocketChat,Rocket.Chat.ReactNative,4.433324699503187E-10,159,1,31
SAP,jenkins-library,4.419833145335497E-10,126,3,13
vertcoin-project,one-click-miner-vnext,4.4198331453354964E-10,39,6,21
kickstarter,ios-oss,4.418034271446471E-10,307,1,16
pyfa-org,Pyfa,4.403643280334267E-10,272,3,6
jetstack,cert-manager,4.396447784778166E-10,47,2,52
,memguard,4.3883528522775513E-10,41,7,17
nervosnetwork,neuron,4.37486129810986E-10,256,19,1
aerogear,mobile-developer-console,4.3712635503318107E-10,81,10,6
,KakaJSON,4.3712635503318107E-10,27,15,12
facebook,flipper,4.349677063663505E-10,124,3,13
solokeys,solo,4.3496770636635044E-10,93,4,13
grommet,grommet,4.344280441996429E-10,105,2,23
TaleLin,lin-ui,4.3424815681074037E-10,71,4,17
h2oai,sparkling-water,4.335286072551301E-10,482,2,5
,StabilityGuide,4.317297333661047E-10,30,2,80
getgrav,grav,4.3172973336610465E-10,60,5,16
ananas-analytics,ananas-desktop,4.306504090326895E-10,133,2,18
PegaSysEng,pantheon,4.306504090326895E-10,133,2,18
OWASP,Amass,4.3038057794933563E-10,33,5,29
directus,app,4.259733369212233E-10,148,2,16
,mitama-cpp-result,4.259733369212233E-10,148,16,2
apache,dubbo-go,4.259733369212233E-10,74,2,32
,make-sense,4.254336747545157E-10,43,2,55
hasura,graphql-engine,4.249839562822593E-10,63,1,75
oppia,oppia,4.230951386987826E-10,147,1,32
micro,micro,4.230951386987826E-10,28,7,24
tmrowco,electricitymap-contrib,4.209364900319521E-10,26,12,15
Redocly,redoc,4.209364900319521E-10,26,4,45
Azure,azure-iot-sdk-python-preview,4.193175035318292E-10,333,2,7
project-sunbird,sunbird-devops,4.18597953976219E-10,179,1,26
openfaas,faas,4.1823817919841396E-10,31,3,50
AmazMod,AmazMod,4.180582918095113E-10,166,28,1
the-expanse,SideQuest,4.174286859483525E-10,51,7,13
,ioredis-mock,4.1733874225390116E-10,145,8,4
naver,billboard.js,4.1688902378164484E-10,103,5,9
cortexproject,cortex,4.155398683648757E-10,110,2,21
uber,ludwig,4.1527003728152197E-10,81,1,57
metasfresh,metasfresh,4.1527003728152197E-10,171,3,9
fossasia,open-event-frontend,4.1446054403146046E-10,128,4,9
gardener,cc-utils,4.1446054403146046E-10,96,24,2
icsharpcode,ILSpy,4.1392088186475285E-10,118,1,39
,effector,4.1374099447585033E-10,115,5,8
,hekili,4.115823458090198E-10,52,22,4
nuwave,lighthouse,4.1014324669779945E-10,76,3,20
BrightspaceHypermediaComponents,activities,4.1014324669779945E-10,152,30,1
okta,okta-signin-widget,4.096035845310918E-10,253,9,2
,bridge.,4.0798459803096897E-10,63,8,9
vmware,clarity,4.0798459803096897E-10,63,4,18
LuxCoreRender,LuxCore,4.0798459803096887E-10,54,42,2
,DeepCTR,4.0366730069730786E-10,33,2,68
aliyun,aliyun-openapi-cpp-sdk,4.0339746961395406E-10,65,23,3
apache,groovy,4.015086520304774E-10,62,2,36
micronaut-projects,micronaut-core,3.9791090425242645E-10,158,1,28
lugia-ysstech,lugia,3.97731016863524E-10,67,3,22
aspnet,AspNetCore-Tooling,3.9719135469681627E-10,276,2,8
paritytech,parity-ethereum,3.9665169253010866E-10,147,2,15
brave,browser-android-tabs,3.9665169253010866E-10,63,7,10
npm,cli,3.9647180514120614E-10,38,2,58
espressif,esp-idf,3.960220866689498E-10,37,1,119
Featuretools,featuretools,3.958421992800473E-10,163,1,27
zeebe-io,zeebe,3.9575225558559597E-10,400,1,11
oshi,oshi,3.9575225558559597E-10,100,2,22
microsoft,AdaptiveCards,3.953025371133396E-10,293,3,5
ocaml,dune,3.94762874946632E-10,209,3,7
smartstore,SmartStoreNET,3.9287405736315526E-10,84,2,26
,AV_Data_Capture,3.9143495825193496E-10,32,4,34
NightscoutFoundation,xDrip,3.909852397796786E-10,23,9,21
pinpt,go-common,3.90805352390776E-10,79,55,1
messoer,Music-Downloader,3.9035563391851964E-10,31,4,35
,SavvyCAN,3.8855676002949425E-10,45,16,6
,VectorifyDaHome,3.8855676002949425E-10,108,20,2
,IJPay,3.885567600294942E-10,48,3,30
,GAM,3.87837210473884E-10,49,4,22
Angel-ML,angel,3.87837210473884E-10,98,2,22
,hugo-academic,3.8621822397376115E-10,38,1,113
,device_xiaomi_nitrogen,3.858584491959561E-10,33,26,5
,FS19_AutoDrive,3.8585844919595606E-10,30,13,11
IBM,ibmcloud-storage-volume-lib,3.836998005291255E-10,79,6,9
weaveworks,flagger,3.836998005291255E-10,79,3,18
stripe,stripe-node,3.809115460011361E-10,35,11,11
,daily,3.804618275288798E-10,141,6,5
,SecLists,3.800121090566234E-10,13,1,325
octokit,rest.js,3.796523342788184E-10,67,3,21
,gatsby-source-s3-image,3.7920261580656196E-10,124,17,2
redisson,redisson,3.7884284102875687E-10,39,1,108
Kotlin,kotlinx.coroutines,3.7884284102875677E-10,108,1,39
,LOFFER,3.7776351669534155E-10,35,2,60
,vue-moveable,3.7776351669534155E-10,50,6,14
ironmansoftware,universal-dashboard,3.764143612785725E-10,31,9,15
goreleaser,goreleaser,3.7614453019521873E-10,41,6,17
,quic-go,3.7398588152838815E-10,99,2,21
primefaces,primeng,3.7398588152838815E-10,63,1,66
,flutter-todo-list-app,3.736261067505831E-10,67,1,62
littlevgl,lvgl,3.723668950282653E-10,46,3,30
github,semantic,3.720071202504602E-10,94,2,22
handsontable,handsontable,3.7155740177820387E-10,153,1,27
matrix-org,matrix-doc,3.7128757069484996E-10,129,8,4
,docker-gitlab,3.7020824636143475E-10,21,7,28
WordPress,wpdev-docker-images,3.6876914725021445E-10,41,100,1
,NOJ,3.6697027336118895E-10,340,3,4
atlassian,react-beautiful-dnd,3.642719625276508E-10,90,1,45
wordpress-mobile,WordPress-iOS,3.640920751387483E-10,368,1,11
linode,docs,3.6409207513874825E-10,44,4,23
,local-ehentai,3.62652976027528E-10,56,6,12
IBM,carbon-components-angular,3.6265297602752795E-10,36,14,8
Qihoo360,pika,3.6247308863862543E-10,62,5,13
,flutter_pulltorefresh,3.6229320124972286E-10,53,4,19
OpenLiberty,open-liberty,3.6103398952740497E-10,223,3,6
kudobuilder,kudo,3.602244962773436E-10,267,3,5
thanos-io,thanos,3.6013455258289233E-10,91,1,44
,apache-ultimate-bad-bot-blocker,3.599546651939898E-10,69,29,2
FreeCAD,FreeCAD,3.5977477780508724E-10,100,1,40
,browser,3.5833567869386694E-10,332,3,4
EsotericSoftware,spine-runtimes,3.5833567869386683E-10,83,1,48
,XSpear,3.5779601652715923E-10,39,6,17
didi,mand-mobile,3.561770300270364E-10,40,3,33
datawire,ambassador,3.5617703002703636E-10,90,2,22
,async-trait,3.5617703002703636E-10,36,11,10
ShadowsocksR-Live,shadowsocksr-native,3.5455804352691343E-10,73,2,27
kubernetes,dashboard,3.5275916963788804E-10,53,1,74
,t-io,3.521295637767291E-10,29,5,27
Alluxio,alluxio,3.5078040835996003E-10,156,1,25
,nibbler,3.5078040835996E-10,150,13,2
aws-amplify,aws-sdk-ios,3.497010840265448E-10,162,2,12
EducationLink,vue-tel-input,3.4970108402654477E-10,54,8,9
neoclide,coc.nvim,3.486217596931296E-10,114,1,34
b3log,symphony,3.4862175969312955E-10,34,1,114
turtlecoin,turtle-wallet-proton,3.4808209752642184E-10,129,6,5
onaio,reveal-frontend,3.4808209752642184E-10,430,9,1
grapheneX,grapheneX,3.4754243535971424E-10,46,3,28
rust-lang,libc,3.4556367408178633E-10,113,2,17
laravel,cashier,3.4538378669288376E-10,48,4,20
,Contacts,3.449340682206274E-10,59,5,13
ElvUI-WotLK,ElvUI,3.4322513802605323E-10,318,3,4
Alamofire,Alamofire,3.403469398036125E-10,43,1,88
dotnetcore,SmartSql,3.3998716502580743E-10,84,9,5
,bitcask,3.399871650258074E-10,70,6,9
astronomer,astronomer,3.3962739024800234E-10,59,16,4
nvaccess,nvda,3.374687415811718E-10,67,4,14
,zillowtoynab,3.372888541922693E-10,125,30,1
diasurgical,devilution,3.3674919202556164E-10,39,1,96
RedHatInsights,vulnerability-ui,3.3674919202556164E-10,78,24,2
aws,aws-sdk-php,3.349503181365362E-10,28,19,7
,kash,3.345905433587311E-10,40,31,3
gravitational,teleport,3.3441065596982854E-10,143,2,13
alibaba,transmittable-thread-local,3.3387099380312093E-10,58,2,32
cs50,check50,3.335112190253159E-10,103,9,4
BeamMW,beam,3.3279166946970567E-10,185,2,10
rigetti,quilc,3.3243189469190063E-10,132,7,4
mozilla-mobile,firefox-tv,3.305430771084239E-10,75,7,7
googleapis,nodejs-storage,3.302732460250701E-10,204,2,9
microsoft,Xaml-Controls-Gallery,3.3027324602507005E-10,27,17,8
getsentry,sentry-python,3.29913471247265E-10,131,2,14
PaddlePaddle,paddle-mobile,3.297335838583625E-10,39,2,47
plaidml,plaidml,3.284743721360446E-10,332,1,11
checkstyle,checkstyle,3.2811459735823957E-10,64,1,57
nyu-mll,jiant,3.281145973582395E-10,192,1,19
CumulusNetworks,docs,3.2739504780262934E-10,140,13,2
,bab-be-u,3.252363991357989E-10,452,2,4
inshopgroup,inshop-crm-client,3.241570748023836E-10,106,2,17
textileio,go-textile,3.2379730002457856E-10,40,10,9
xamarin,mac-samples,3.237973000245785E-10,10,120,3
,echojs-lib,3.2298780677451705E-10,171,7,3
adorsys,xs2a,3.21638651357748E-10,298,4,3
npgsql,Npgsql.EntityFrameworkCore.PostgreSQL,3.2109898919104037E-10,51,10,7
hypothesis,client,3.210989891910403E-10,119,10,3
MCU-Innovations,HondaECU,3.210989891910403E-10,70,17,3
apollographql,apollo-ios,3.1948000269091745E-10,74,3,16
aspnetboilerplate,aspnetboilerplate,3.1930011530201493E-10,50,1,71
hyperplan-io,server,3.180409035796971E-10,136,13,2
aspnet,EntityFramework6,3.157023675239641E-10,135,2,13
0xProject,0x-mesh,3.148029305794513E-10,175,4,5
Financial-Times,runbook.md,3.1327388777377966E-10,129,27,1
stellar,js-stellar-sdk,3.1291411299597463E-10,71,7,7
,Archery,3.1282416930152334E-10,37,2,47
MicrosoftLearning,AZ-203-DevelopingSolutionsforMicrosoftAzure,3.119247323570106E-10,12,17,17
Azure-Samples,active-directory-aspnetcore-webapp-openidconnect-v2,3.1192473235701054E-10,34,6,17
stripe,stripe-dotnet,3.0985602738463135E-10,53,13,5
labstack,echo,3.086867593567649E-10,11,6,52
easzlab,kubeasz,3.086867593567648E-10,24,1,143
inkstitch,inkstitch,3.086867593567648E-10,104,11,3
outline,outline,3.085068719678623E-10,35,1,98
google,gapid,3.076074350233496E-10,57,4,15
,forest,3.072476602455445E-10,61,8,7
pyro-ppl,pyro,3.072476602455445E-10,122,2,14
inspec,inspec,3.067079980788369E-10,155,2,11
,Kuroba,3.065281106899343E-10,142,6,4
wireapp,wire-desktop,3.065281106899343E-10,142,3,8
,bank,3.043694620231038E-10,94,2,18
IntelRealSense,librealsense,3.0284041921743215E-10,37,1,91
SharePoint,sp-dev-solutions,3.022108133562732E-10,32,5,21
ipfs,go-ipfs,3.0131137641176057E-10,67,2,25
ethereum,eth2.0-specs,3.012214327173093E-10,197,1,17
pharo-project,pharo,3.01131489022858E-10,186,1,18
,LinVst,3.0032199577279654E-10,371,3,3
hashicorp,packer,2.993326151338326E-10,64,1,52
